num_worker,batch_size,max_length,max_batch_delay,init_t
1,1,100,1000,12.184669494628906
2,1,100,1000,18.236189603805542
